abroad,aboard
adobe,abode
alter,alert
altered,alerted
altering,alerting
alters,alerts
ami,aim
anal,alan
angle,angel
angles,angels
ani,ain
aside,aides
assume,amuses
auger,argue
axle,axel
baba,abba
bale,able
barley,barely
basil,bails
bates,baste
beads,based
beak,bake
bean,bane
bear,bare
beard,bared
beast,bates,baste
beats,bates,baste,beast
being,begin
beings,begins
bene,been
berate,beater
beta,beat
bets,best
binge,being,begin
blabbing,babbling
blam,balm
blamed,bedlam
boats,boast
bolt,blot
boots,boost
bora,boar
boredom,bedroom
bowel,below
bowl,blow
bowled,blowed
bowler,blower
bowling,blowing
bowls,blows
bra,bar
brad,bard
brake,baker
brakes,bakers
bran,barn
bras,bars
bread,bared,beard
break,baker,brake
breaks,bakers,brakes
breath,bertha
bree,beer
broad,board
broader,boarder
broads,boards
browse,bowers
buggered,begrudge
bulge,bugle
buries,bruise
burned,burden
burnt,brunt
busier,bruise,buries
bustle,bluest
butlers,bluster
buts,bust
buys,busy
bye,bey
cadet,acted
calibre,caliber
came,acme
cane,acne
canton,cannot
capitals,aplastic
car,arc
care,acre
cares,acres
case,aces
cast,acts
castor,actors
cat,act
cates,caste
cats,cast,acts
caution,auction
cedar,cared
cellar,caller
cellars,callers
centre,center
chase,aches
chased,cashed
chaser,arches
chasing,cashing
china,chain
chisel,chiles
cinema,anemic
clam,calm
clams,calms
cleanser,cleaners
cleats,castle
closets,closest
coast,ascot
coats,ascot,coast
cobra,carbo
coed,code
coeds,codes
cola,coal
cold,clod
colds,clods
coles,close
compared,compadre
contra,carton
converse,conserve
coral,carol
cordon,condor
cosmic,comics
costa,coats,ascot,coast
cots,cost
could,cloud
crab,carb
crabs,carbs
crap,carp
crate,cater
crated,carted
crater,carter
crates,caters
crave,carve
craving,carving
creating,catering
crepe,creep
crepes,creeps
cried,cider
cripple,clipper
cripples,clippers
crops,corps
croutons,contours
curd,crud
cured,crude
curled,curdle
curse,cures
curtsy,crusty
cusp,cups
cutlery,cruelty
dab,bad
dad,add
dads,adds
dais,aids
deal,dale
dear,dare
dears,dares
deb,bed
debrief,briefed
debris,brides
declare,cleared
deco,coed,code
decor,credo
delta,dealt
demand,damned
dessert,deserts
destiny,density
diapers,despair
diary,dairy
dibs,bids
direct,credit
directed,credited
discrete,discreet
diva,avid
divorces,discover
doc,cod
doing,dingo
dome,demo
doorbell,bordello
dose,does
dots,dost
downside,disowned
drab,brad,bard
drawback,backward
dread,dared
dream,armed
drive,diver
drives,divers
dual,auld
dub,bud
duce,cued
duffle,duffel
dye,dey
dying,dingy
each,ache
eager,agree
ear,are
earring,angrier
ears,arse
eastern,earnest
eat,ate
eaters,easter
eats,east
eddy,dyed
edict,cited
edit,diet
editing,dieting
edits,diets
elbow,below,bowel
elbows,bowels
else,eels
eluded,delude
emphatic,empathic
encinas,canines
end,den
endear,earned
envied,endive
era,ear,are
escort,corset
eta,ate,eat
eternity,entirety
exits,exist
expect,except
expected,excepted
face,cafe
faced,decaf
fade,deaf
fainted,defiant
far,arf
fat,aft
fear,fare
feast,fates
feat,fate
feats,fates,feast
feta,feat,fate
fiber,brief
fibers,briefs
fibre,brief,fiber
filed,field
fined,fiend
finished,fiendish
fits,fist
fleas,false
flee,feel
fleeing,feeling
flies,files
float,aloft
foster,forest
fowl,flow
fowler,flower
frail,flair
framers,farmers
frat,fart
freight,fighter
fried,fired
friend,finder
friends,finders
fries,fires
fringe,finger
fringes,fingers
fro,for
from,form
fryer,ferry
fuel,flue
fused,feuds
gain,agin
gallery,allergy
gander,danger
garb,brag
garden,gander,danger
gardens,dangers
gasp,gaps
geared,agreed
gen,eng
geneva,avenge
genital,gelatin
getaway,gateway
gib,big
gnats,angst
goa,ago
goad,dago
gobs,bogs
god,dog
gods,dogs
goes,egos
gofer,forge
golf,flog
goober,booger
gore,ergo
grab,garb,brag
grabs,brags
grad,drag
grease,agrees
great,grate
green,genre
grenade,enraged
grovel,glover
grudging,drugging
had,dah
has,ash
hated,death
hater,earth
hates,haste
hats,hast
header,adhere
heads,hades
heal,hale
hear,hare
heart,earth,hater
hearty,earthy
heat,hate
heats,hates,haste
height,eighth
hic,chi
highest,heights
hire,heir
hires,heirs
hissed,dishes
hoarse,ashore
hocking,choking
hogs,gosh
hole,helo
hose,hoes
hostile,holiest
hotels,hostel
hots,host
hugs,gush
hula,haul
hurts,hurst
hydra,hardy
iced,dice
iceman,anemic,cinema
ich,chi,hic
icon,coin
icons,coins
idea,aide
ideas,aides,aside
idle,deli
ignited,dieting,editing
ignored,eroding
inbred,binder
inch,chin
indeed,denied
indulge,dueling
indulged,deluding
ingenue,genuine
insect,incest
inside,indies
instance,ancients
integral,alerting,altering
ironed,dinero
itch,chit
itches,ethics
item,emit
jean,jane
jets,jest
khan,hank
kids,disk
kin,ink
kind,dink
kinds,dinks
knee,keen
kobo,book
lace,alec
lacy,clay
ladies,ideals
lag,gal
lager,glare
laid,dial
lake,kale
lama,alma
lamb,balm,blam
lance,clean
large,glare,lager
largely,allergy,gallery
las,als
lashes,hassle
lassie,aisles
lasted,deltas
later,alter,alert
lather,halter
latitude,altitude
lattes,latest
laurel,allure
layer,early
lead,dale,deal
leader,dealer
leaders,dealers
leading,dealing
leads,deals
leaf,flea
leafs,false,fleas
leak,lake,kale
leaks,lakes
lean,lane
leans,lanes
leaps,lapse
lear,earl
learnt,antler
leary,early,layer
lease,easel
leash,heals
led,del
lee,eel
left,felt
leg,gel
legs,gels
lessen,lenses
lets,lest
liane,alien
liar,lair
liberal,braille
lido,idol
lie,lei
lied,idle,deli
life,file
lifer,flier
lifers,fliers
lighted,delight
line,lien
link,kiln
linking,inkling
lira,liar,lair
listen,enlist
listened,enlisted
live,evil
lived,devil
lives,evils
loaf,foal
lobster,bolster
loca,coal,cola
loco,cool
lode,dole
logan,along
loin,lion
loins,lions
lone,leno
lots,lost
lube,blue
luce,clue
luge,glue
mac,cam
mace,came,acme
mad,dam
madden,demand,damned
made,dame
madre,dream,armed
mags,gams
mail,lima
maim,imam
main,amin
male,lame
manatees,emanates
manger,german
manila,animal
mantel,lament
mantle,mantel,lament
map,amp
maple,ample
mar,arm
marc,cram
marcel,calmer
march,charm
marched,charmed
marching,charming
marge,gamer
margin,arming
marginal,alarming
marina,airman
marine,airmen
married,admirer
mars,arms
marsh,harms
martial,marital
mash,hams
masking,makings
mead,dame,made
meal,lame,male
meals,males
mean,amen
meat,mate
meats,mates
meaty,matey
medals,damsel
media,aimed
medical,claimed
medina,maiden
medusa,amused
mel,elm
melon,lemon
mensa,means
mental,mantle,mantel,lament
meta,meat,mate
mid,dim
mile,lime
miles,limes
milo,limo
mina,main,amin
misread,admires
mister,merits
mite,item,emit
mites,items
moan,mano
moans,mason
moat,atom
mocha,macho
mod,dom
mode,demo,dome
moil,limo,milo
monde,demon
mood,doom
moon,mono
morals,molars
motels,molest
much,chum
mug,gum
mugs,gums
mush,hums
nagged,ganged
nagging,ganging
nailed,denial
nam,man
name,mean,amen
named,amend
nameless,lameness
names,means,mensa
nana,anna
nasty,antsy
nation,anoint
nay,any
near,earn
nearest,earnest,eastern
neat,ante
nectar,canter
needs,dense
neve,even
never,nerve
nicest,incest,insect
nigger,ginger
nil,lin
nineties,einstein
nixed,index
nod,don
node,done
noel,lone,leno
noh,hon
noir,iron
none,neon
norm,morn
nosed,nodes
nub,bun
nudes,dunes
obi,bio
obsess,bosses
ocean,canoe
oceans,canoes
ode,doe
odor,door
ogre,gore,ergo
ogres,goers
old,dol
oldie,oiled
omen,nome
once,cone
ones,nose
ooh,oho
open,nope
opted,depot
orb,bro
orbed,bored
orbing,boring
orbs,bros
organ,argon
orgy,gory
outbreak,breakout
outlook,lookout
owl,low
owls,lows
own,now
pac,cap
pace,cape
pacer,caper
padre,drape
pager,grape
pagers,grapes
pah,hap
paired,diaper
pal,lap
pale,leap
pales,lapse,leaps
palm,lamp
palms,lamps
pals,laps
pam,map,amp
pan,nap
pans,naps
paris,pairs
paroled,leopard
parted,depart
partly,paltry
patching,nightcap
paternal,parental
patron,parton
patten,patent
pea,ape
peach,cheap
pear,pare
pearl,paler
peas,apes
peat,pate
pedals,lapsed
peed,deep
peek,keep
peeking,keeping
peeks,keeps
pele,peel
penal,panel
peon,open,nope
pertains,painters
petal,leapt
peters,pester
pets,pest
phase,heaps
phi,hip
pin,nip
pina,pain
pines,penis
pinto,pinot
pirated,partied
pirates,parties
pistol,pilots
plane,penal,panel
planes,panels
plate,petal,leapt
plates,petals
player,pearly
players,parsley
plays,palsy
plea,pale,leap
plead,pedal
pleading,pedaling
pleads,pedals,lapsed
pleas,lapse,leaps,pales
please,asleep
pleased,elapsed
pliers,perils
plum,lump
plums,lumps
poem,mope
poems,mopes
poets,pesto
point,pinto,pinot
points,piston
polo,loop
poly,ploy
pom,mop
poodle,looped
pooh,hoop
pool,loop,polo
pools,loops
portal,patrol
posed,dopes
poser,pores
poses,pesos
posse,pesos,poses
postage,gestapo
potion,option
potions,options
pots,post
praise,aspire
praised,diapers,despair
prenatal,parental,paternal
preserve,perverse
pressed,depress
presto,poster
prices,cripes
priests,persist
process,corpses
prod,drop
producer,procured
prose,poser,pores
protein,pointer
proteus,posture
provides,disprove
psalm,palms,lamps
psi,pis
pulses,pluses
pyre,prey
quite,quiet
rabid,braid
race,acre,care
raced,cedar,cared
races,acres,cares
racing,caring
raft,frat,fart
rag,gar
rage,gear
rages,gears
ragged,dagger
ragtime,migrate
raid,arid
rail,liar,lira,lair
rails,liars
raise,arise
raises,arises
raked,drake
ram,mar,arm
ramble,marble
ramp,pram
rancho,anchor
rand,darn
rang,gran
range,anger
ranger,garner
rap,par
rape,pear,pare
raped,drape,padre
raptor,parrot
raptors,parrots
rarest,arrest
rat,art
rated,dater
rath,hart
rats,arts
rattle,latter
react,crate,cater
reacted,created
reacting,creating,catering
reaction,creation
reactive,creative
reactor,creator
reacts,caters,crates
read,dear,dare
reads,dares,dears
ready,rayed
real,earl,lear
ream,mare
reap,rape,pear,pare
rear,rare
reared,reader
rearing,angrier,earring
rebate,berate,beater
rebuild,builder
recall,caller,cellar
recant,canter,nectar
recanted,decanter
recap,caper,pacer
recent,center,centre
recheck,checker
recipe,pierce
recipes,precise
recital,article
recitals,articles
reclaim,miracle
recount,counter
rectal,cartel
rectify,certify
redial,derail
redid,dried
redo,doer
redress,dresser
ree,ere
reed,deer
reef,free
reefs,frees
reeling,leering
refer,freer
refill,filler
reform,former
refresh,fresher
regal,glare,large,lager
regard,grader
regards,graders
regina,regain
region,ignore
reheat,heater
relapse,pleaser
related,alerted,altered
relating,alerting,integral,altering
relation,oriental
relay,early,layer,leary
reload,ordeal
remain,marine,airmen
remains,marines
remark,marker
remarks,markers
remote,meteor
renal,learn
rename,meaner
rental,learnt,antler
reopen,opener
rep,per
repaid,diaper,paired
repaint,painter
replay,pearly,player
report,porter
reread,reared,reader
res,ers
rescue,recuse
rescued,reduces
reseda,erased
resent,enters
reset,ester
reshoot,hooters
resides,desires
resign,reigns
resigned,designer
resource,recourse
rested,desert
restored,resorted
restrict,critters
result,luster
retina,retain
retinal,latrine
reveal,leaver
reverse,reserve
reversed,reserved
revised,derives
reward,drawer
rewards,drawers
ribbed,bribed
ribs,bris
rickey,crikey
ride,dire
rider,drier
riders,derris
rides,dries
rife,fire
rifle,flier,lifer
rifles,lifers,fliers
rigged,digger
right,girth
rile,lier
ring,grin
rings,grins
ringside,residing
rinse,resin
ripe,pier
risen,resin,rinse
risk,kris
rob,bro,orb
robbin,ribbon
robbins,ribbons
robe,bore
robs,bros,orbs
rock,cork
rocker,corker
rocks,corks
rocky,corky
rode,redo,doer
rodman,random
rogues,grouse
role,lore
roles,loser
rom,mor
roman,manor
romp,prom
rooms,moors
roots,roost
rope,pore
roped,pedro
ropes,poser,pores,prose
rose,eros
rosin,irons
roster,resort
rot,ort
roto,root
rouge,rogue
rouse,euros
rousted,detours
route,outer
routed,detour
rubies,busier,buries,bruise
ruby,bury
rugged,grudge
rule,lure
ruled,lured
rules,lures
ruling,luring
rumble,lumber
runes,nurse
rustle,result,luster
ruth,hurt
rya,ray
sabe,base
saber,bears
sabin,basin
sacred,cedars
sad,ads
safer,fears
sage,ages
said,aids,dais
sail,ails
sailed,ladies,ideals
sal,als,las
sale,ales
salesmen,lameness,nameless
salient,entails
saline,aliens
salon,loans
salt,last
salted,deltas,lasted
same,mesa
sanction,contains
sap,pas
saps,pass
sarge,gears,rages
satin,saint
satyr,artsy
sauce,cause
scab,cabs
scale,laces
scalp,clasp
scam,cams
scamp,camps
scan,cans
scar,cars
scare,acres,races,cares
scared,sacred,cedars
scares,caress
scarier,carries
scarlet,cartels
scars,crass
scat,cast,cats,acts
scent,cents
scented,descent
scepter,respect
scone,cones
scot,cots,cost
scots,costs
scow,cows
scrap,craps
screw,crews
scuff,cuffs
seal,ales,sale
sealed,leased
seals,sales
seam,same,mesa
sear,arse,ears
search,chaser,arches
seared,erased,reseda
seat,eats,east
seats,asset
section,notices
sector,escort,corset
sectors,escorts
secure,rescue,recuse
secured,rescued,reduces
securing,rescuing
sedate,seated
seduce,deuces
seep,pees
seldom,models
selfish,hisself
seminar,marines,remains
send,ends
sending,endings
sendoff,offends
senora,reason
sent,nest
ser,res,ers
sera,arse,sear,ears
serpent,present
seven,evens
sever,serve
several,reveals
severe,reeves
severed,deserve
sewn,news
sexist,exists
sha,ash,has
shack,hacks
shad,dash
shade,heads,hades
shading,dashing
shag,hags
shah,hash
shale,leash,heals
shall,halls
sham,mash,hams
shamed,mashed
shank,hanks
shape,heaps,phase
shaped,phased
shapes,phases
shaping,phasing
share,hears
shared,dasher
shares,rashes
sharing,garnish
sharp,harps
shat,hats,hast
shear,hears,share
shelf,flesh
shell,hells
shill,hills
shingle,english
ship,hips
shit,hits
shock,hocks
shoe,hoes,hose
shoes,hoses
shook,hooks
shooter,reshoot,hooters
shooters,reshoots
shop,hops
shore,horse
shores,horses
shorten,hornets
shot,hots,host
shotgun,gunshot
shotguns,gunshots
shots,hosts
show,hows
shred,herds
shriek,hikers
shrub,brush
shun,huns
shut,huts
side,dies
sierra,raiser
sift,fist,fits
signaled,dealings
signed,design
signore,ignores
silence,license
silenced,licensed
silences,licenses
silent,listen,enlist
sill,ills
silver,livers
sim,mis
sims,miss
sin,ins
sing,sign
singed,design,signed
singer,reigns,resign
singing,signing
single,ingles
sings,signs
sink,kins
sip,pis,psi
sire,rise
siren,resin,risen,rinse
sister,resist
sit,its
skid,disk,kids
skids,disks
skies,sikes
skill,kills
skin,sink,kins
skins,sinks
skis,kiss
slack,lacks
slander,landers
slap,laps,pals
slashed,hassled
slashing,hassling
slate,least
slated,salted,deltas,lasted
slater,alerts,alters
slaw,laws
slay,lays
slayed,delays
slayer,layers
sleep,peels
sleepers,peerless
slept,pelts
sleuth,hustle
slicer,relics
slick,licks
slid,lids
slide,sidle
slight,lights
slighted,delights
slime,miles,limes
slinging,singling
slink,links
slip,lips
slipper,ripples
slit,list
sliver,silver,livers
slope,poles
slot,lost,lots
slow,lows,owls
slower,lowers
slung,lungs
slut,lust
sluts,lusts
small,malls
smartest,mattress
smelt,melts
smile,slime,limes,miles
smiled,misled
smite,items,mites
smitten,mittens
smock,mocks
smother,mothers
smug,gums,mugs
snag,sang
snap,naps,pans
snatch,chants
sneak,snake
sneaks,snakes
snip,pins
snipe,penis,pines
snore,senor
snores,sensor
snorted,rodents
snow,owns
snub,buns
snug,guns
soak,oaks
soar,oars
soared,adores
soaring,signora
sobbing,gibbons
sober,robes
sobs,boss
sod,dos
softer,foster,forest
soil,oils
sold,olds
sole,lose
solemn,melons
soles,loses
solicit,colitis
solid,idols
solo,loos
solve,loves
son,nos
sonar,arson
soothing,shooting
sop,ops
sore,rose,eros
sorel,roles,loser
sores,roses
sort,rots
soup,opus
sour,ours
source,course
sources,courses
south,shout
sown,owns,snow
spa,sap,pas
space,paces
spades,passed
span,snap,naps,pans
spandex,expands
spans,snaps
spare,rapes
spared,drapes
spark,parks
spas,saps,pass
spat,past
spate,paste
speak,peaks
spear,spare,rapes
spears,passer
speck,pecks
specter,respect,scepter
spectre,respect,specter,scepter
spectrum,crumpets
speedo,depose
spelt,slept,pelts
sphere,herpes
spiel,piles
spiking,pigskin
spill,pills
spin,snip,pins
spinal,plains
spine,snipe,penis,pines
spit,pits
splatter,platters
spoke,pokes
spool,loops,pools
spoon,snoop
spooning,snooping
sport,ports
spot,pots,post
spots,posts
spotter,protest
spotters,protests
spray,prays
spread,spared,drapes
spree,peers
sprint,prints
sprite,priest
sprouted,proudest
spun,puns
spunk,punks
squeal,equals
sri,sir
stab,bats
stage,gates
stain,satin,saint
stained,instead
stains,saints
stake,skate
staked,skated
stakes,skates
staking,skating
stale,least,slate
stang,angst,gnats
staple,plates,petals
stapler,plaster
star,arts,rats
stare,rates
staring,ratings
starlet,rattles
starter,restart
startle,rattles,starlet
stasis,assist
statue,astute
stead,dates
steady,stayed
steak,stake,skate
steaks,stakes,skates
steal,stale,least,slate
stealer,relates
stealing,genitals
steam,mates,meats
steed,deets
steel,sleet
steer,reset,ester
steno,notes
step,pets,pest
steps,pests
stern,rents
steroid,editors
stifle,itself
stifler,filters
stinger,resting
stone,notes,steno
stop,spot,pots,post
stops,posts,spots
stored,sorted
storing,sorting
strait,artist
straits,artists
stranded,darndest
strap,parts
stray,satyr,artsy
streak,skater
streaks,skaters
stream,master
streams,masters
street,retest
stressed,desserts
stripe,sprite,priest
stripes,priests,persist
strobe,sorbet
stub,bust,buts
stubs,busts
stud,dust
study,dusty
stun,nuts
stunted,student
sub,bus
sublet,bluest,bustle
subtle,bluest,sublet,bustle
sued,dues
suited,duties
sums,muss
sung,guns,snug
sup,pus
super,purse
supreme,presume
sure,ruse
surf,furs
swap,paws
swede,sewed
tab,bat
tables,stable
tablet,battle
tabs,stab,bats
tach,chat
tacit,attic
tacks,stack
taco,coat
tacos,ascot,coast,coats,costa
tae,eta,ate,eat
tag,gat
tagged,gadget
tags,stag
tailed,detail
tailor,rialto
takers,skater,streak
takes,stake,steak,skate
tale,late
talent,latent
tales,stale,steal,least,slate
talks,stalk
tame,mate,meat,meta
tampons,postman
tan,ant
tap,pat
tapas,pasta
tape,peat,pate
taped,adept
tapes,spate,paste
tar,art,rat
tarp,part
tarragon,arrogant
tarred,retard
tarts,start
tas,sat
taste,state
tasted,stated
tastes,states
tasting,stating
tat,att
taunted,attuned
tea,tae,eta,ate,eat
teach,cheat
teacher,cheater
teachers,cheaters
teaching,cheating
teal,tale,late
team,tame,mate,meat,meta
teams,mates,steam,meats
tear,rate
tearing,granite
tears,rates,stare
teas,eats,east,seat
teased,sedate,seated
teasing,seating
tedious,outside
teeming,meeting
teenager,generate
ten,net
tend,dent
tender,rented
tends,dents
tenors,stoner
tens,nest,sent
tense,teens
terrace,caterer
tested,detest
testing,setting
texas,taxes
the,eth
theatre,theater
theatres,theaters
them,meth
there,ether
therein,neither
thermos,mothers,smother
these,sheet
theses,sheets
thin,hint
thing,night
things,nights
thins,hints
this,hits,shit
tho,hot
thorn,north
thousand,handouts
thread,hatred
threads,hardest
thready,hydrate
threat,hatter
threats,shatter
three,there,ether
throne,hornet
thrones,shorten,hornets
thru,hurt,ruth
thus,huts,shut
ticks,stick
tide,diet,edit
tides,diets,edits
tidying,dignity
tied,tide,diet,edit
tier,rite
ties,site
til,lit
tile,lite
timbre,timber
time,item,emit,mite
timer,merit
timers,merits,mister
times,smite,items,mites
tins,snit
tinsel,silent,listen,enlist
tip,pit
tips,pits,spit
tire,tier,rite
tires,rites
tis,sit,its
tissue,suites
titan,taint
toad,dato
toaster,rotates
tod,dot
toed,dote
toga,goat
told,dolt
tome,mote
toms,most
ton,not
tone,note
toned,noted
toner,tenor
tones,stone,notes,steno
tons,snot
tool,loot
tools,stool
toon,onto
toot,otto
top,pot
topes,poets,pesto
topic,optic
topical,capitol
toppings,stopping
tops,spot,stop,pots,post
topside,deposit
tor,rot,ort
toro,root,roto
torso,roots,roost
tosh,hots,shot,host
totalled,allotted
tough,ought
toured,routed,detour
touring,routing
tours,roust
towels,lowest
trace,crate,cater,react
traced,carted,crated
tracer,crater,carter
traces,caters,reacts,crates
tracing,carting
trade,dater,rated
trader,retard,tarred
trades,stared
trainer,terrain
trains,strain
traipse,pirates,parties
traits,artist,strait
tram,mart
trance,nectar,canter,recant
trans,rants
trap,tarp,part
traps,strap,parts
trash,harts
trashed,threads,hardest
tray,arty
trays,satyr,artsy,stray
tread,dater,trade,rated
treads,stared,trades
treason,senator
treat,tater
treaters,retreats
trees,steer,reset,ester
trial,trail
trials,trails
triangle,alerting,integral,relating,altering
tried,tired
tries,tires,rites
trifle,filter
trifled,flirted
trifling,flirting
trimmed,midterm
trio,riot
trips,strip
trolls,stroll
troy,tory
truce,cuter
trucks,struck
trumpets,strumpet
trust,strut
trusts,struts
truths,thrust
tub,but
tuba,abut
tubers,buster
tubs,stub,bust,buts
tug,gut
tuna,aunt
turbine,tribune
turn,runt
turner,return
tush,thus,huts,shut
tutor,trout
twas,swat
twits,twist
two,tow
twos,stow
tyre,trey
ugh,hug
ulcer,cruel
ultimate,mutilate
umm,mum
unable,nebula
unclear,nuclear
underdog,grounded
unlisted,insulted
unreal,neural
uns,sun
untie,unite
untied,united
uphold,holdup
uppers,supper
ups,pus,sup
upscale,capsule
upset,setup
upstart,startup
urges,surge
urn,run
urns,runs
use,sue
used,sued,dues
user,sure,ruse
uses,sues
ushers,rushes
using,suing
uterine,reunite
various,saviour
vase,save
vector,covert
vee,eve
veer,ever
veil,evil,live
veils,evils,lives
vera,rave
verse,sever,serve
versed,served
vessel,selves
vesta,stave
vetoed,devote
vets,vest
vial,vail
vials,silva
viewer,review
viewers,reviews
vile,evil,live,veil
vine,vein
viral,rival
voila,viola
vote,veto
voter,trove
votes,stove
wade,awed
waits,waist
wakes,askew
wan,naw
wand,dawn
war,raw
ward,draw
warden,wander
wares,swear
warms,swarm
warned,warden,wander
warren,warner
warts,straw
wary,awry
was,saw
wash,shaw
wasp,paws,swap
waste,sweat
wastes,sweats
watt,twat
ways,sway
weak,wake
wean,anew
wear,ware
wears,swear,wares
wed,dew
wee,ewe
weeds,sewed,swede
weld,lewd
wells,swell
went,newt
west,stew
wets,west,stew
wha,haw
what,thaw
who,how
whoever,however
whores,shower
wider,weird
wiener,weiner
wigs,swig
wills,swill
wings,swing
wipes,swipe
wire,weir
wired,weird,wider
wiser,wires
with,whit
wither,whiter
wives,views
woe,owe
woes,owes
wolf,fowl,flow
wolves,vowels
won,own,now
wonder,downer
wont,town
woodland,download
woops,swoop
wop,pow
words,sword
worse,swore
worth,throw
wrangle,wangler
wrap,warp
wrong,grown
wrote,tower
yah,hay
yak,kay
yam,may
yap,pay
yarn,nary
yaw,way
yea,aye
years,sayer
yeh,hey
zoned,dozen

